patient_id,initial_severity,final_severity,waiting_time_minutes,waiting_time_days,treatment_time_minutes,treatment_time_days,average_waiting_period_minutes,average_waiting_period_days,n_waiting_periods,waiting_periods
patient_1,64,98.75,4798,3.3319444444444444,8163,5.66875,62.311688311688314,0.043272005772005774,77,"[28, 30, 64, 1, 1, 39, 96, 1, 1, 73, 46, 76, 25, 56, 1, 131, 26, 143, 93, 10, 1, 145, 1, 63, 101, 113, 60, 1, 1, 146, 74, 54, 121, 74, 109, 78, 44, 115, 165, 138, 1, 61, 1, 37, 68, 56, 120, 86, 95, 83, 1, 26, 45, 81, 104, 71, 116, 1, 1, 1, 90, 134, 20, 124, 94, 13, 80, 100, 35, 71, 101, 83, 23, 59, 87, 83, 1]"
patient_2,37,88.0,4720,3.2777777777777777,3921,2.722916666666667,107.27272727272727,0.07449494949494949,44,"[108, 31, 124, 3, 156, 171, 198, 86, 192, 1, 136, 76, 34, 86, 213, 50, 80, 34, 113, 116, 160, 105, 116, 1, 147, 9, 103, 79, 210, 115, 238, 151, 149, 160, 99, 1, 108, 100, 214, 44, 1, 56, 201, 145]"
patient_3,37,71.5,3789,2.63125,3412,2.3694444444444445,105.25,0.07309027777777778,36,"[125, 173, 229, 1, 71, 94, 145, 181, 1, 217, 1, 135, 139, 108, 13, 1, 62, 99, 103, 43, 181, 64, 53, 202, 179, 216, 30, 66, 97, 9, 193, 154, 177, 70, 102, 55]"
patient_4,65,76.0,14171,9.840972222222222,21831,15.160416666666666,69.80788177339902,0.04847769567597154,203,"[1, 61, 19, 138, 66, 17, 1, 169, 69, 132, 1, 63, 61, 70, 138, 1, 99, 97, 91, 87, 113, 3, 177, 147, 40, 110, 5, 1, 171, 117, 89, 72, 82, 80, 65, 199, 18, 43, 37, 105, 36, 72, 1, 67, 44, 71, 1, 37, 35, 14, 57, 94, 38, 1, 138, 1, 157, 3, 1, 47, 143, 37, 103, 85, 48, 77, 93, 100, 65, 1, 111, 85, 99, 41, 60, 72, 128, 121, 91, 28, 57, 96, 75, 37, 43, 93, 77, 1, 57, 94, 81, 49, 61, 62, 28, 97, 125, 41, 75, 50, 94, 52, 105, 91, 63, 27, 77, 51, 125, 91, 89, 63, 1, 118, 69, 111, 118, 20, 100, 62, 101, 40, 52, 34, 119, 71, 135, 1, 104, 72, 112, 38, 66, 88, 96, 39, 91, 27, 29, 33, 22, 45, 27, 1, 68, 77, 56, 65, 85, 92, 75, 73, 1, 98, 122, 120, 44, 121, 113, 84, 60, 37, 106, 95, 91, 88, 84, 78, 127, 43, 108, 54, 61, 22, 68, 118, 1, 35, 113, 95, 74, 84, 34, 99, 1, 86, 12, 129, 1, 108, 142, 55, 127, 54, 84, 93, 63, 130, 1, 103, 13, 51, 22]"
patient_5,8,95.0,3252,2.2583333333333333,2509,1.742361111111111,108.4,0.07527777777777778,30,"[188, 31, 178, 22, 155, 166, 1, 105, 89, 266, 137, 23, 154, 97, 158, 1, 39, 15, 107, 189, 84, 249, 88, 46, 174, 166, 77, 55, 161, 31]"
patient_6,97,100.0,3757,2.609027777777778,4884,3.3916666666666666,75.14,0.052180555555555556,50,"[1, 82, 83, 180, 69, 1, 1, 136, 145, 55, 57, 167, 87, 98, 93, 32, 85, 89, 52, 137, 188, 30, 101, 136, 1, 124, 66, 59, 1, 21, 1, 92, 1, 151, 1, 22, 157, 129, 88, 106, 11, 1, 99, 82, 63, 71, 89, 47, 59, 110]"
patient_7,60,96.25,14747,10.240972222222222,21254,14.759722222222223,77.61578947368422,0.053899853801169594,190,"[1, 151, 142, 165, 56, 84, 34, 59, 143, 6, 88, 1, 98, 40, 133, 145, 260, 105, 162, 1, 145, 167, 77, 27, 179, 85, 118, 80, 35, 78, 23, 90, 34, 150, 1, 1, 1, 60, 149, 92, 29, 52, 66, 1, 60, 55, 102, 43, 38, 21, 1, 139, 27, 80, 106, 1, 92, 39, 1, 27, 93, 105, 71, 89, 125, 146, 97, 130, 87, 92, 105, 57, 113, 46, 117, 104, 1, 82, 38, 82, 100, 56, 51, 139, 39, 59, 53, 76, 92, 136, 1, 170, 76, 38, 43, 69, 115, 57, 40, 40, 1, 53, 153, 97, 126, 196, 63, 96, 1, 105, 19, 148, 34, 94, 79, 115, 100, 70, 1, 158, 83, 1, 77, 1, 1, 95, 23, 139, 1, 143, 114, 79, 69, 25, 107, 93, 114, 152, 88, 59, 95, 1, 99, 112, 152, 73, 90, 30, 108, 35, 1, 84, 96, 154, 73, 86, 141, 88, 89, 88, 71, 145, 5, 42, 52, 94, 65, 99, 101, 54, 65, 69, 49, 105, 1, 64, 141, 58, 71, 130, 1, 1, 110, 149, 99, 163, 75, 122, 1, 1]"
patient_8,52,81.0,10892,7.563888888888889,13589,9.436805555555555,90.01652892561984,0.06251147842056934,121,"[96, 84, 108, 21, 1, 121, 208, 32, 140, 34, 82, 178, 136, 24, 6, 105, 135, 16, 97, 117, 49, 184, 133, 174, 67, 18, 96, 157, 1, 179, 184, 217, 198, 119, 90, 1, 104, 322, 26, 98, 78, 49, 115, 102, 1, 64, 161, 74, 85, 192, 80, 1, 214, 142, 59, 127, 48, 79, 151, 124, 146, 36, 97, 100, 139, 85, 78, 107, 103, 83, 76, 1, 95, 79, 90, 26, 24, 165, 104, 86, 101, 1, 1, 66, 68, 117, 147, 36, 35, 76, 108, 167, 132, 26, 47, 89, 112, 80, 79, 18, 90, 34, 133, 108, 136, 92, 93, 143, 70, 98, 49, 50, 65, 1, 98, 88, 77, 93, 1, 38, 5]"
patient_9,75,90.5,5242,3.640277777777778,6279,4.360416666666667,83.2063492063492,0.05778218694885361,63,"[1, 3, 139, 75, 108, 100, 96, 38, 42, 114, 48, 141, 86, 185, 37, 1, 119, 109, 125, 199, 88, 1, 175, 68, 60, 152, 99, 99, 106, 111, 100, 54, 158, 121, 116, 110, 171, 81, 139, 72, 109, 145, 87, 99, 49, 39, 17, 67, 64, 93, 1, 34, 48, 58, 82, 1, 57, 49, 25, 1, 95, 98, 77]"
patient_10,41,89.0,5914,4.106944444444444,4167,2.89375,137.53488372093022,0.09551033591731266,43,"[1, 273, 29, 205, 216, 192, 167, 118, 158, 45, 214, 67, 142, 212, 113, 113, 173, 300, 1, 148, 64, 177, 100, 48, 70, 85, 224, 188, 151, 410, 77, 1, 1, 1, 106, 206, 170, 91, 241, 121, 249, 162, 84]"
patient_11,28,73.5,6481,4.500694444444444,3600,2.5,166.17948717948718,0.11540242165242165,39,"[333, 134, 317, 249, 289, 214, 217, 145, 25, 234, 290, 1, 132, 189, 46, 102, 209, 230, 142, 173, 157, 112, 141, 150, 222, 519, 25, 247, 414, 8, 43, 273, 177, 74, 1, 74, 82, 78, 13]"
patient_12,34,100.0,5221,3.6256944444444446,1980,1.375,307.11764705882354,0.21327614379084966,17,"[126, 205, 323, 121, 184, 497, 65, 408, 122, 396, 476, 360, 873, 143, 249, 132, 541]"
patient_13,58,88.5,7945,5.517361111111111,9336,6.483333333333333,90.2840909090909,0.06269728535353535,88,"[15, 82, 63, 108, 131, 143, 178, 112, 1, 171, 191, 168, 111, 1, 107, 1, 97, 240, 185, 151, 46, 209, 83, 95, 193, 1, 39, 173, 112, 219, 130, 129, 149, 135, 75, 108, 1, 37, 74, 196, 1, 29, 90, 50, 140, 102, 88, 72, 1, 117, 56, 99, 60, 142, 55, 78, 169, 98, 131, 1, 1, 18, 93, 81, 1, 168, 1, 125, 151, 137, 50, 38, 1, 1, 31, 59, 1, 56, 114, 63, 115, 79, 66, 61, 111, 38, 115, 131]"
patient_14,12,51.65,4577,3.178472222222222,2624,1.8222222222222222,190.70833333333334,0.1324363425925926,24,"[102, 181, 127, 129, 155, 413, 233, 228, 210, 376, 185, 202, 221, 1, 56, 153, 223, 91, 358, 160, 151, 378, 204, 40]"
patient_15,85,80.5,3419,2.3743055555555554,902,0.6263888888888889,310.8181818181818,0.2158459595959596,11,"[1, 84, 373, 588, 377, 518, 186, 933, 138, 23, 198]"
patient_16,67,97.0,17341,12.042361111111111,15780,10.958333333333334,107.7080745341615,0.0747972739820566,161,"[1, 51, 1149, 300, 498, 161, 1243, 342, 8, 80, 267, 525, 442, 135, 289, 33, 115, 409, 127, 190, 127, 109, 83, 110, 58, 13, 89, 121, 90, 139, 236, 162, 1, 1, 135, 60, 55, 1, 124, 1, 200, 1, 54, 174, 157, 8, 225, 10, 139, 119, 143, 197, 174, 99, 41, 49, 57, 105, 131, 108, 132, 28, 60, 26, 93, 57, 89, 81, 142, 1, 108, 86, 99, 36, 49, 83, 21, 65, 84, 37, 166, 92, 1, 64, 86, 80, 151, 62, 32, 50, 70, 36, 75, 88, 86, 58, 14, 203, 63, 80, 83, 44, 101, 99, 135, 95, 109, 35, 122, 68, 73, 1, 20, 73, 84, 93, 1, 58, 121, 166, 116, 117, 20, 18, 100, 1, 11, 117, 77, 123, 22, 4, 56, 54, 11, 78, 1, 85, 35, 22, 100, 120, 32, 1, 74, 46, 72, 68, 69, 126, 64, 15, 58, 72, 107, 1, 104, 87, 95, 99, 77]"
patient_17,66,75.75,13856,9.622222222222222,14945,10.378472222222221,96.22222222222223,0.066820987654321,144,"[1, 1, 147, 14, 74, 140, 116, 81, 106, 166, 182, 118, 93, 78, 27, 42, 131, 186, 94, 104, 136, 77, 102, 172, 158, 199, 189, 84, 64, 165, 94, 193, 118, 164, 66, 55, 68, 55, 110, 64, 1, 149, 91, 1, 73, 129, 136, 75, 87, 155, 161, 130, 23, 107, 129, 171, 79, 164, 87, 100, 137, 1, 133, 1, 143, 97, 1, 81, 139, 126, 139, 84, 84, 62, 73, 139, 61, 96, 113, 101, 141, 108, 199, 98, 103, 117, 118, 1, 84, 10, 187, 95, 51, 58, 13, 143, 105, 116, 110, 70, 53, 101, 75, 208, 1, 50, 1, 24, 51, 145, 62, 156, 145, 110, 80, 36, 98, 177, 52, 146, 51, 81, 58, 115, 60, 81, 131, 132, 123, 138, 104, 81, 145, 33, 85, 50, 50, 91, 97, 101, 47, 66, 144, 1]"
patient_18,10,73.0,4690,3.2569444444444446,2511,1.74375,187.6,0.13027777777777777,25,"[150, 288, 180, 1, 244, 162, 252, 229, 167, 76, 144, 115, 197, 244, 357, 143, 125, 239, 379, 88, 93, 157, 160, 264, 236]"
patient_20,65,80.25,18794,13.051388888888889,10007,6.949305555555555,211.1685393258427,0.14664481897627965,89,"[5472, 633, 755, 1, 362, 278, 478, 69, 72, 205, 1, 415, 120, 314, 138, 215, 282, 74, 194, 102, 190, 224, 31, 211, 196, 97, 134, 165, 58, 275, 88, 212, 150, 315, 110, 167, 161, 107, 135, 276, 138, 144, 105, 87, 74, 146, 39, 29, 108, 191, 116, 223, 115, 67, 107, 176, 198, 73, 75, 113, 167, 34, 124, 128, 32, 105, 170, 149, 1, 26, 108, 102, 90, 123, 83, 128, 100, 51, 67, 64, 190, 212, 179, 88, 62, 169, 151, 57, 28]"
patient_21,36,90.5,10009,6.950694444444444,5832,4.05,161.43548387096774,0.11210797491039427,62,"[210, 130, 117, 428, 423, 345, 1, 417, 119, 43, 93, 1, 65, 220, 60, 242, 1, 153, 156, 1, 162, 331, 97, 364, 185, 1, 307, 18, 153, 136, 1, 150, 165, 174, 170, 271, 185, 155, 65, 58, 176, 245, 157, 136, 149, 266, 83, 232, 83, 94, 109, 118, 257, 222, 167, 9, 213, 188, 156, 213, 213, 150]"
patient_23,56,100.0,2506,1.7402777777777778,1815,1.2604166666666667,119.33333333333333,0.08287037037037037,21,"[177, 438, 1, 195, 130, 1, 129, 347, 111, 140, 40, 1, 146, 92, 89, 1, 105, 147, 49, 39, 128]"
patient_24,3,45.0,4840,3.361111111111111,2361,1.6395833333333334,201.66666666666666,0.14004629629629628,24,"[236, 1, 144, 137, 113, 277, 215, 377, 120, 186, 132, 291, 1, 188, 346, 29, 353, 100, 301, 411, 182, 338, 326, 36]"
patient_25,35,48.5,8534,5.926388888888889,2987,2.0743055555555556,328.2307692307692,0.22793803418803418,26,"[260, 865, 312, 925, 245, 1123, 312, 245, 176, 370, 211, 471, 8, 444, 205, 266, 142, 89, 226, 329, 74, 195, 474, 544, 1, 22]"
patient_26,34,88.0,9675,6.71875,4726,3.2819444444444446,197.44897959183675,0.13711734693877553,49,"[104, 391, 114, 279, 278, 491, 353, 229, 448, 243, 251, 190, 373, 346, 355, 289, 189, 150, 180, 299, 228, 299, 173, 187, 128, 274, 176, 128, 248, 87, 144, 126, 207, 105, 156, 160, 288, 1, 94, 184, 19, 41, 100, 201, 74, 95, 89, 85, 26]"
patient_27,73,100.0,5702,3.959722222222222,2939,2.0409722222222224,228.08,0.15838888888888888,25,"[314, 220, 317, 452, 256, 126, 119, 1, 257, 50, 173, 158, 94, 301, 301, 403, 195, 101, 366, 229, 126, 433, 209, 148, 353]"
patient_28,92,59.25,5210,3.6180555555555554,9191,6.382638888888889,15.505952380952381,0.010768022486772487,336,"[148, 408, 1, 1, 1, 1, 1, 1, 1, 1, 1, 1, 1, 1, 1, 1, 1, 1, 1, 1, 1, 1, 1, 1, 1, 1, 1, 1, 1, 1, 1, 1, 1, 1, 1, 1, 1, 1, 1, 1, 1, 1, 1, 1, 1, 1, 1, 1, 1, 1, 1, 1, 1, 1, 1, 1, 1, 1, 1, 1, 1, 1, 1, 1, 1, 1, 1, 1, 1, 1, 1, 1, 1, 1, 1, 1, 1, 1, 1, 1, 1, 1, 1, 1, 1, 1, 1, 1, 1, 1, 1, 1, 1, 1, 1, 1, 1, 1, 1, 1, 1, 1, 1, 1, 1, 1, 1, 1, 1, 1, 1, 1, 1, 1, 1, 1, 1, 1, 1, 1, 1, 1, 1, 1, 1, 1, 1, 1, 1, 1, 1, 1, 1, 1, 1, 1, 1, 1, 1, 1, 1, 1, 1, 1, 1, 1, 1, 1, 1, 1, 1, 1, 1, 1, 1, 1, 1, 1, 1, 1, 1, 1, 1, 1, 1, 1, 1, 1, 1, 1, 1, 1, 1, 1, 1, 1, 1, 1, 1, 1, 1, 1, 1, 1, 1, 1, 1, 1, 1, 1, 1, 1, 1, 1, 1, 1, 1, 1, 1, 1, 1, 1, 1, 1, 1, 1, 1, 1, 1, 1, 1, 1, 1, 1, 1, 1, 1, 1, 1, 1, 1, 1, 1, 1, 1, 1, 1, 1, 1, 1, 1, 1, 1, 1, 1, 1, 1, 1, 1, 1, 1, 1, 1, 1, 1, 1, 1, 1, 1, 1, 1, 1, 1, 1, 1, 1, 1, 1, 1, 1, 1, 1, 1, 1, 1, 1, 1, 1, 1, 1, 1, 1, 1, 1, 1, 1, 1, 50, 25, 1, 84, 91, 78, 14, 123, 1, 1, 56, 165, 1, 1, 127, 131, 74, 124, 1, 137, 1, 143, 1, 91, 150, 1, 1, 173, 1, 219, 1, 144, 1, 141, 189, 9, 1, 141, 82, 67, 168, 58, 43, 1, 1, 107, 156, 149, 87, 138, 1, 143, 1, 196, 1, 171, 1, 26, 89]"
patient_29,61,60.75,13489,9.36736111111111,10992,7.633333333333334,127.25471698113208,0.08837133123689728,106,"[485, 207, 36, 259, 155, 579, 1012, 246, 1, 1, 145, 115, 145, 1, 281, 175, 74, 93, 204, 115, 85, 68, 127, 196, 1, 181, 156, 140, 97, 179, 245, 91, 1, 1, 171, 1, 176, 61, 119, 142, 160, 163, 259, 27, 193, 149, 160, 1, 62, 133, 1, 167, 108, 196, 157, 115, 207, 113, 84, 63, 80, 119, 64, 89, 118, 114, 76, 139, 39, 105, 156, 21, 159, 188, 101, 74, 70, 138, 71, 178, 69, 93, 6, 74, 203, 112, 149, 65, 108, 64, 12, 118, 199, 72, 125, 39, 126, 51, 52, 19, 120, 146, 81, 50, 42, 110]"
patient_30,43,58.5,14470,10.04861111111111,5691,3.9520833333333334,253.859649122807,0.1762914230019493,57,"[802, 287, 1170, 631, 665, 138, 508, 156, 472, 235, 194, 195, 1020, 262, 435, 42, 299, 162, 209, 181, 55, 158, 72, 84, 233, 289, 147, 231, 332, 509, 211, 187, 84, 159, 26, 382, 238, 404, 251, 198, 290, 1, 39, 136, 169, 82, 112, 245, 128, 101, 24, 180, 163, 166, 164, 133, 24]"
patient_31,100,81.0,15132,10.508333333333333,9349,6.492361111111111,156.0,0.10833333333333334,97,"[493, 1034, 405, 1, 249, 361, 511, 335, 447, 129, 487, 230, 1, 177, 483, 498, 215, 198, 374, 149, 1, 535, 131, 86, 196, 170, 88, 216, 151, 1, 144, 153, 92, 200, 104, 183, 52, 104, 122, 96, 189, 146, 58, 214, 63, 187, 185, 97, 32, 222, 128, 110, 61, 32, 169, 207, 49, 159, 190, 196, 198, 79, 109, 56, 109, 194, 135, 124, 69, 1, 138, 53, 46, 1, 76, 17, 29, 28, 1, 195, 28, 25, 40, 112, 43, 90, 28, 117, 46, 58, 125, 151, 103, 1, 61, 114, 36]"
patient_32,67,100.0,10552,7.3277777777777775,3849,2.6729166666666666,285.18918918918916,0.19804804804804804,37,"[692, 206, 2696, 504, 708, 454, 292, 1, 93, 192, 180, 116, 235, 1, 173, 119, 117, 106, 793, 355, 79, 151, 152, 46, 130, 125, 135, 63, 58, 316, 122, 118, 261, 124, 181, 175, 283]"
patient_33,29,80.0,4281,2.972916666666667,2920,2.0277777777777777,109.76923076923077,0.07622863247863249,39,"[4, 37, 59, 1, 107, 127, 148, 162, 439, 21, 251, 1, 105, 163, 151, 1, 191, 1, 185, 199, 160, 1, 1, 240, 158, 1, 223, 192, 169, 1, 1, 1, 1, 1, 1, 225, 107, 320, 125]"
patient_37,6,100.0,9947,6.907638888888889,3014,2.0930555555555554,320.8709677419355,0.22282706093189963,31,"[788, 794, 2515, 338, 392, 218, 284, 445, 183, 121, 617, 521, 98, 100, 335, 201, 211, 199, 214, 23, 176, 111, 316, 153, 1, 198, 61, 23, 170, 89, 52]"
patient_38,36,100.0,7598,5.276388888888889,8243,5.7243055555555555,20.70299727520436,0.01437708144111414,367,"[495, 435, 197, 98, 154, 194, 1, 135, 122, 302, 195, 123, 83, 1, 1, 1, 1, 1, 1, 1, 1, 1, 1, 1, 1, 1, 1, 1, 1, 1, 1, 1, 1, 1, 1, 1, 1, 1, 1, 1, 1, 1, 1, 1, 1, 1, 1, 1, 1, 1, 1, 1, 1, 1, 1, 1, 1, 1, 1, 1, 1, 1, 1, 1, 1, 1, 1, 1, 1, 1, 1, 1, 1, 1, 1, 1, 1, 1, 1, 1, 1, 1, 1, 1, 1, 1, 1, 1, 1, 1, 1, 1, 1, 1, 1, 1, 1, 1, 1, 1, 1, 1, 1, 1, 1, 1, 1, 1, 1, 1, 1, 1, 1, 1, 1, 1, 1, 1, 1, 1, 1, 1, 1, 1, 1, 1, 1, 1, 1, 1, 1, 1, 1, 1, 1, 1, 1, 1, 1, 1, 1, 1, 1, 1, 1, 1, 1, 1, 1, 1, 1, 1, 1, 1, 1, 1, 1, 1, 1, 1, 1, 1, 1, 1, 1, 1, 1, 1, 1, 1, 1, 1, 1, 1, 1, 1, 1, 1, 1, 1, 1, 1, 1, 1, 1, 1, 1, 1, 1, 1, 1, 1, 1, 1, 1, 1, 1, 1, 1, 1, 1, 1, 1, 1, 1, 1, 1, 1, 1, 1, 1, 1, 1, 1, 1, 1, 1, 1, 1, 1, 1, 1, 1, 1, 1, 1, 1, 1, 1, 1, 1, 1, 1, 1, 1, 1, 1, 1, 1, 1, 1, 1, 1, 1, 1, 1, 1, 1, 1, 1, 1, 1, 1, 1, 1, 1, 1, 1, 1, 1, 1, 1, 1, 1, 1, 1, 1, 1, 1, 1, 1, 1, 1, 1, 1, 1, 1, 1, 1, 1, 1, 1, 1, 1, 1, 1, 1, 1, 1, 1, 1, 1, 1, 1, 1, 1, 1, 1, 1, 1, 1, 1, 1, 1, 1, 1, 1, 1, 1, 1, 1, 1, 1, 1, 1, 1, 1, 1, 1, 1, 1, 1, 1, 1, 1, 42, 158, 1, 152, 236, 188, 107, 1, 138, 21, 178, 81, 130, 161, 170, 159, 130, 1, 121, 220, 140, 1, 111, 44, 1, 156, 79, 149, 58, 20, 145, 192, 125, 103, 158, 45, 123, 170, 68, 141, 212, 116]"
patient_41,31,61.0,3996,2.775,325,0.22569444444444445,799.2,0.555,5,"[1288, 1978, 214, 425, 91]"
patient_42,90,100.0,7708,5.352777777777778,2373,1.6479166666666667,321.1666666666667,0.22303240740740743,24,"[44, 1017, 197, 1210, 121, 184, 371, 244, 711, 1, 307, 1071, 330, 60, 195, 32, 228, 128, 159, 195, 174, 495, 71, 163]"
patient_45,76,100.0,6686,4.643055555555556,1955,1.3576388888888888,334.3,0.2321527777777778,20,"[1049, 156, 1195, 451, 904, 107, 365, 169, 443, 397, 68, 359, 240, 80, 98, 145, 75, 57, 124, 204]"
